{"cameraMode":{"drawMode":0,"name":"Shaded","section":"Shading Mode"},"sceneLighting":true,"audioPlay":false,"sceneViewState":{"m_AlwaysRefresh":false,"showFog":false,"showSkybox":true,"showFlares":true,"showImageEffects":true,"showParticleSystems":true,"showVisualEffectGraphs":true,"m_FxEnabled":true},"in2DMode":false,"pivot":{"x":31.677841186523439,"y":87.58393096923828,"z":-181.74581909179688},"rotation":{"x":0.013948149979114533,"y":-0.9780269861221314,"z":-0.19539068639278413,"w":-0.07563066482543946},"size":105.54597473144531,"orthographic":false}