{"cameraMode":{"drawMode":0,"name":"Shaded","section":"Shading Mode"},"sceneLighting":false,"audioPlay":false,"sceneViewState":{"m_AlwaysRefresh":false,"showFog":false,"showSkybox":false,"showFlares":true,"showImageEffects":true,"showParticleSystems":true,"showVisualEffectGraphs":true,"m_FxEnabled":true},"in2DMode":false,"pivot":{"x":1.7067289352416993,"y":12.147193908691407,"z":15.451414108276368},"rotation":{"x":-0.018739676102995874,"y":0.9792367219924927,"z":-0.17092646658420564,"w":-0.10735927522182465},"size":7.553944110870361,"orthographic":false}