{"cameraMode":{"drawMode":0,"name":"Shaded","section":"Shading Mode"},"sceneLighting":true,"audioPlay":false,"sceneViewState":{"m_AlwaysRefresh":false,"showFog":false,"showSkybox":true,"showFlares":true,"showImageEffects":true,"showParticleSystems":true,"showVisualEffectGraphs":true,"m_FxEnabled":true},"in2DMode":false,"pivot":{"x":-2.5730741024017336,"y":5.498581409454346,"z":0.057217277586460116},"rotation":{"x":0.14940153062343598,"y":0.6950799226760864,"z":-0.15120530128479005,"w":0.6867905855178833},"size":4.1608662605285648,"orthographic":false}