{"cameraMode":{"drawMode":0,"name":"Shaded","section":"Shading Mode"},"sceneLighting":false,"audioPlay":false,"sceneViewState":{"m_AlwaysRefresh":false,"showFog":false,"showSkybox":false,"showFlares":true,"showImageEffects":true,"showParticleSystems":true,"showVisualEffectGraphs":true,"m_FxEnabled":true},"in2DMode":false,"pivot":{"x":0.6986159086227417,"y":2.3050520420074465,"z":14.055306434631348},"rotation":{"x":0.0022358219139277937,"y":-0.9935101270675659,"z":0.01423945464193821,"w":0.11436837166547775},"size":0.3464100956916809,"orthographic":false}