{"cameraMode":{"drawMode":0,"name":"Shaded","section":"Shading Mode"},"sceneLighting":false,"audioPlay":false,"sceneViewState":{"m_AlwaysRefresh":false,"showFog":false,"showSkybox":false,"showFlares":true,"showImageEffects":true,"showParticleSystems":true,"showVisualEffectGraphs":true,"m_FxEnabled":true},"in2DMode":false,"pivot":{"x":0.47743159532546999,"y":8.867582321166993,"z":10.567593574523926},"rotation":{"x":0.18017074465751649,"y":-0.018281135708093644,"z":-0.0033553927205502989,"w":-0.9834625720977783},"size":7.6738409996032719,"orthographic":false}