{"cameraMode":{"drawMode":0,"name":"Shaded","section":"Shading Mode"},"sceneLighting":false,"audioPlay":false,"sceneViewState":{"m_AlwaysRefresh":false,"showFog":false,"showSkybox":false,"showFlares":true,"showImageEffects":true,"showParticleSystems":true,"showVisualEffectGraphs":true,"m_FxEnabled":true},"in2DMode":false,"pivot":{"x":0.3235621452331543,"y":0.37982943654060366,"z":0.002843682887032628},"rotation":{"x":0.01049260888248682,"y":0.7811495661735535,"z":-0.013132020831108094,"w":0.6241188049316406},"size":1.2372955083847047,"orthographic":false}