{"cameraMode":{"drawMode":0,"name":"Shaded","section":"Shading Mode"},"sceneLighting":false,"audioPlay":false,"sceneViewState":{"m_AlwaysRefresh":false,"showFog":false,"showSkybox":false,"showFlares":true,"showImageEffects":true,"showParticleSystems":true,"showVisualEffectGraphs":true,"m_FxEnabled":true},"in2DMode":false,"pivot":{"x":0.0010389056988060475,"y":1.0050153732299805,"z":-0.06785571575164795},"rotation":{"x":0.003089574631303549,"y":0.7263751029968262,"z":-0.6873649954795837,"w":0.0032880583312362434},"size":0.707150936126709,"orthographic":false}